CODIGO DEL PRODUCTO;NOMBRE PRODUCTO;UNIDAD;PRESENTACION;TEMPERATURA;PRECIO EXWORK 2022;TIPO
130203001M;MAGLUMI TSH;KIT;1fff193a-6917-4797-a4f1-9ba573fa85af;;62.70;REACTIVO
130203002M;MAGLUMI T4;KIT;1fff193a-6917-4797-a4f1-9ba573fa85af;;52.25;REACTIVO
130203003M;MAGLUMI T3;KIT;1fff193a-6917-4797-a4f1-9ba573fa85af;;52.25;REACTIVO
130203004M;MAGLUMI FT4;KIT;1fff193a-6917-4797-a4f1-9ba573fa85af;;52.25;REACTIVO
130203005M;MAGLUMI FT3;KIT;1fff193a-6917-4797-a4f1-9ba573fa85af;;52.25;REACTIVO
130203006M;MAGLUMI TG;KIT;1fff193a-6917-4797-a4f1-9ba573fa85af;;62.70;REACTIVO
130203007M;MAGLUMI TGA;KIT;1fff193a-6917-4797-a4f1-9ba573fa85af;;118.75;REACTIVO
130203008M;MAGLUMI TMA;KIT;1fff193a-6917-4797-a4f1-9ba573fa85af;;118.75;REACTIVO
130203009M;MAGLUMI TRAb;KIT;1fff193a-6917-4797-a4f1-9ba573fa85af;;163.40;REACTIVO
130203010M;MAGLUMI rT3;KIT;1fff193a-6917-4797-a4f1-9ba573fa85af;;74.10;RUO
130203011M;MAGLUMI anti-TPO;KIT;1fff193a-6917-4797-a4f1-9ba573fa85af;;163.40;REACTIVO
130202001M;MAGLUMI FSH;KIT;1fff193a-6917-4797-a4f1-9ba573fa85af;;59.85;REACTIVO
130202002M;MAGLUMI LH;KIT;1fff193a-6917-4797-a4f1-9ba573fa85af;;59.85;REACTIVO
130202003M;MAGLUMI HCG/β- HCG;KIT;1fff193a-6917-4797-a4f1-9ba573fa85af;;59.85;REACTIVO
130202006M;MAGLUMI Prolactin (PRL);KIT;1fff193a-6917-4797-a4f1-9ba573fa85af;;59.85;REACTIVO
130202007M;MAGLUMI Estradiol (E2);KIT;1fff193a-6917-4797-a4f1-9ba573fa85af;;59.85;REACTIVO
130202008M;MAGLUMI Free Estriol (FE3);KIT;1fff193a-6917-4797-a4f1-9ba573fa85af;;59.85;REACTIVO
130202009M;MAGLUMI Progesterone (PRG);KIT;1fff193a-6917-4797-a4f1-9ba573fa85af;;59.85;REACTIVO
130202010M;MAGLUMI Testosterone (TEST);KIT;1fff193a-6917-4797-a4f1-9ba573fa85af;;59.85;REACTIVO
130202011M;MAGLUMI Free Testosterone (F-TEST);KIT;1fff193a-6917-4797-a4f1-9ba573fa85af;;59.85;REACTIVO
130202012M;MAGLUMI DHEA-S;KIT;1fff193a-6917-4797-a4f1-9ba573fa85af;;163.40;REACTIVO
130214003M;MAGLUMI PAPP-A;KIT;1fff193a-6917-4797-a4f1-9ba573fa85af;;133.95;REACTIVO
130202014M;MAGLUMI AMH;KIT;1fff193a-6917-4797-a4f1-9ba573fa85af;;760.00;REACTIVO
130202015M;MAGLUMI SHBG;KIT;1fff193a-6917-4797-a4f1-9ba573fa85af;;98.80;REACTIVO
130214001M;MAGLUMI AFP PRENATAL;KIT;1fff193a-6917-4797-a4f1-9ba573fa85af;;89.30;REACTIVO
130214002M;MAGLUMI Free β-HCG;KIT;1fff193a-6917-4797-a4f1-9ba573fa85af;;118.75;REACTIVO
130201001M;MAGLUMI Ferritin;KIT;1fff193a-6917-4797-a4f1-9ba573fa85af;;52.25;REACTIVO
130201002M;MAGLUMI AFP;KIT;1fff193a-6917-4797-a4f1-9ba573fa85af;;52.25;REACTIVO
130201003M;MAGLUMI CEA;KIT;1fff193a-6917-4797-a4f1-9ba573fa85af;;52.25;REACTIVO
130201004M;MAGLUMI PSA;KIT;1fff193a-6917-4797-a4f1-9ba573fa85af;;126.35;REACTIVO
130201005M;MAGLUMI f-PSA;KIT;1fff193a-6917-4797-a4f1-9ba573fa85af;;126.35;REACTIVO
130201006M;MAGLUMI PAP;KIT;1fff193a-6917-4797-a4f1-9ba573fa85af;;141.55;REACTIVO
130201009M;MAGLUMI CA 125;KIT;1fff193a-6917-4797-a4f1-9ba573fa85af;;156.75;REACTIVO
130201010M;MAGLUMI CA 15-3;KIT;1fff193a-6917-4797-a4f1-9ba573fa85af;;156.75;REACTIVO
130201011M;MAGLUMI CA 19-9;KIT;1fff193a-6917-4797-a4f1-9ba573fa85af;;156.75;REACTIVO
130201012M;MAGLUMI CA 50;KIT;1fff193a-6917-4797-a4f1-9ba573fa85af;;156.75;REACTIVO
130201013M;MAGLUMI CYFRA 21-1;KIT;1fff193a-6917-4797-a4f1-9ba573fa85af;;171.00;REACTIVO
130201014M;MAGLUMI CA 242;KIT;1fff193a-6917-4797-a4f1-9ba573fa85af;;156.75;REACTIVO
130201015M;MAGLUMI CA 72-4;KIT;1fff193a-6917-4797-a4f1-9ba573fa85af;;156.75;RUO
130201016M;MAGLUMI NSE;KIT;1fff193a-6917-4797-a4f1-9ba573fa85af;;156.75;RUO
130201017M;MAGLUMI Sangtec 100;KIT;1fff193a-6917-4797-a4f1-9ba573fa85af;;372.40;REACTIVO
130201018M;MAGLUMI SCCA (total);KIT;1fff193a-6917-4797-a4f1-9ba573fa85af;;156.75;REACTIVO
130201019M;MAGLUMI Pepsinogen I (PG I);KIT;1fff193a-6917-4797-a4f1-9ba573fa85af;;156.75;REACTIVO
130201020M;MAGLUMI Pepsinogen II (PG II);KIT;1fff193a-6917-4797-a4f1-9ba573fa85af;;156.75;REACTIVO
130201022M;MAGLUMI Gastrin-17;KIT;1fff193a-6917-4797-a4f1-9ba573fa85af;;152.95;RUO
130205001M;MAGLUMI C-Peptide;KIT;1fff193a-6917-4797-a4f1-9ba573fa85af;;104.50;REACTIVO
130205002M;MAGLUMI Insulin;KIT;1fff193a-6917-4797-a4f1-9ba573fa85af;;104.50;REACTIVO
130205003M;MAGLUMI Insulin Ab, IAA;KIT;1fff193a-6917-4797-a4f1-9ba573fa85af;;163.40;REACTIVO
130205004M;MAGLUMI Proinsulin;KIT;1fff193a-6917-4797-a4f1-9ba573fa85af;;178.60;REACTIVO
130205005M;MAGLUMI GAD65;KIT;1fff193a-6917-4797-a4f1-9ba573fa85af;;163.40;REACTIVO
130205006M;MAGLUMI ICA;KIT;1fff193a-6917-4797-a4f1-9ba573fa85af;;163.40;REACTIVO
130205007M;MAGLUMI IGF-1;KIT;1fff193a-6917-4797-a4f1-9ba573fa85af;;270.75;REACTIVO
130205008M;MAGLUMI Anti-IA2;KIT;1fff193a-6917-4797-a4f1-9ba573fa85af;;163.40;REACTIVO
130211001M;MAGLUMI Intact PTH;KIT;1fff193a-6917-4797-a4f1-9ba573fa85af;;163.40;REACTIVO
130211002M;MAGLUMI Calcitonin (CT);KIT;1fff193a-6917-4797-a4f1-9ba573fa85af;;163.40;REACTIVO
130211003M;MAGLUMI Osteocalcin (BGP);KIT;1fff193a-6917-4797-a4f1-9ba573fa85af;;163.40;RUO
130211004M;MAGLUMI 25 OH-Vitamin D;KIT;1fff193a-6917-4797-a4f1-9ba573fa85af;;297.35;REACTIVO
130213001M;MAGLUMI FA;KIT;1fff193a-6917-4797-a4f1-9ba573fa85af;;89.30;REACTIVO
130213002M;MAGLUMI VB12;KIT;1fff193a-6917-4797-a4f1-9ba573fa85af;;207.10;REACTIVO
130216001M;MAGLUMI Procalcitonin (PCT);KIT;1fff193a-6917-4797-a4f1-9ba573fa85af;;365.75;REACTIVO
130216002M;MAGLUMI CRP;KIT;1fff193a-6917-4797-a4f1-9ba573fa85af;;149.15;REACTIVO
130216004M;MAGLUMI IL-6 (CLIA);KIT;1fff193a-6917-4797-a4f1-9ba573fa85af;;285.00;REACTIVO
130298001M;MAGLUMI GH;KIT;1fff193a-6917-4797-a4f1-9ba573fa85af;;104.50;REACTIVO
130298002M;MAGLUMI Cortisol;KIT;1fff193a-6917-4797-a4f1-9ba573fa85af;;71.25;REACTIVO
130298003M;MAGLUMI ACTH;KIT;1fff193a-6917-4797-a4f1-9ba573fa85af;;169.10;REACTIVO
130298004M;MAGLUMI 17-OH-PROGESTERONE;KIT;1fff193a-6917-4797-a4f1-9ba573fa85af;;152.00;REACTIVO
130206001M;MAGLUMI CK-MB;KIT;1fff193a-6917-4797-a4f1-9ba573fa85af;;223.25;REACTIVO
130206002M;MAGLUMI Troponin I;KIT;1fff193a-6917-4797-a4f1-9ba573fa85af;;223.25;REACTIVO
130206003M;MAGLUMI Myoglobin (MB);KIT;1fff193a-6917-4797-a4f1-9ba573fa85af;;166.25;REACTIVO
130206004M;MAGLUMI NT-proBNP;KIT;1fff193a-6917-4797-a4f1-9ba573fa85af;;267.90;REACTIVO
130206005M;MAGLUMI Angiotensin I (A I);KIT;1fff193a-6917-4797-a4f1-9ba573fa85af;;193.80;REACTIVO
130206006M;MAGLUMI Angiotensin II (A II);KIT;1fff193a-6917-4797-a4f1-9ba573fa85af;;193.80;REACTIVO
130206007M;MAGLUMI Aldosterone (ALD);KIT;1fff193a-6917-4797-a4f1-9ba573fa85af;;163.40;REACTIVO
130206008M;MAGLUMI D-Dimer;KIT;1fff193a-6917-4797-a4f1-9ba573fa85af;;223.25;REACTIVO
130206015M;MAGLUMI LP-PLA2;KIT;1fff193a-6917-4797-a4f1-9ba573fa85af;;229.90;REACTIVO
130206014M;MAGLUMI hs-cTnl;KIT;1fff193a-6917-4797-a4f1-9ba573fa85af;;252.70;REACTIVO
130206011M;MAGLUMI Direct Renin;KIT;1fff193a-6917-4797-a4f1-9ba573fa85af;;193.80;RUO
130204001M;MAGLUMI β2-MG;KIT;1fff193a-6917-4797-a4f1-9ba573fa85af;;104.50;REACTIVO
130204002M;MAGLUMI H-ALB;KIT;1fff193a-6917-4797-a4f1-9ba573fa85af;;104.50;REACTIVO
130209001M;MAGLUMI HA;KIT;1fff193a-6917-4797-a4f1-9ba573fa85af;;118.75;REACTIVO
130209002M;MAGLUMI PIIIP N-P;KIT;1fff193a-6917-4797-a4f1-9ba573fa85af;;118.75;REACTIVO
130209003M;MAGLUMI Collagen IV (C IV);KIT;1fff193a-6917-4797-a4f1-9ba573fa85af;;118.75;REACTIVO
130209004M;MAGLUMI Laminin (LN);KIT;1fff193a-6917-4797-a4f1-9ba573fa85af;;118.75;REACTIVO
130209005M;MAGLUMI Cholylglycine (CG);KIT;1fff193a-6917-4797-a4f1-9ba573fa85af;;118.75;REACTIVO
130208001M;MAGLUMI hIgE;KIT;1fff193a-6917-4797-a4f1-9ba573fa85af;;89.30;REACTIVO
130208002M;MAGLUMI hIgM;KIT;1fff193a-6917-4797-a4f1-9ba573fa85af;;89.30;REACTIVO
130208003M;MAGLUMI hIgA;KIT;1fff193a-6917-4797-a4f1-9ba573fa85af;;89.30;REACTIVO
130208004M;MAGLUMI IgA (urine analysis);KIT;1fff193a-6917-4797-a4f1-9ba573fa85af;;89.30;REACTIVO
130208005M;MAGLUMI hIgG;KIT;1fff193a-6917-4797-a4f1-9ba573fa85af;;89.30;REACTIVO
130208006M;MAGLUMI IgG (urine analysis);KIT;1fff193a-6917-4797-a4f1-9ba573fa85af;;89.30;REACTIVO
130207001M;MAGLUMI Cyclosporin A;KIT;1fff193a-6917-4797-a4f1-9ba573fa85af;;349.60;REACTIVO
130207002M;MAGLUMI Digoxin;KIT;1fff193a-6917-4797-a4f1-9ba573fa85af;;131.10;REACTIVO
130207003M;MAGLUMI FK-506,Tacrolimus;KIT;1fff193a-6917-4797-a4f1-9ba573fa85af;;349.60;REACTIVO
130210001M;MAGLUMI HBsAg - Hepatitis B;KIT;1fff193a-6917-4797-a4f1-9ba573fa85af;;52.25;REACTIVO
130210002M;MAGLUMI anti-HBs;KIT;1fff193a-6917-4797-a4f1-9ba573fa85af;;52.25;REACTIVO
130210003M;MAGLUMI HBeAg;KIT;1fff193a-6917-4797-a4f1-9ba573fa85af;;52.25;REACTIVO
130210004M;MAGLUMI anti-HBe;KIT;1fff193a-6917-4797-a4f1-9ba573fa85af;;52.25;REACTIVO
130210005M;MAGLUMI anti-HBc;KIT;1fff193a-6917-4797-a4f1-9ba573fa85af;;52.25;REACTIVO
130210007M;MAGLUMI anti-HAV;KIT;1fff193a-6917-4797-a4f1-9ba573fa85af;;95.00;REACTIVO
130210008M;MAGLUMI HAV IgM;KIT;1fff193a-6917-4797-a4f1-9ba573fa85af;;114.00;REACTIVO
130212001M;MAGLUMI Toxo IgG;KIT;1fff193a-6917-4797-a4f1-9ba573fa85af;;118.75;REACTIVO
130212002M;MAGLUMI Toxo IgM;KIT;1fff193a-6917-4797-a4f1-9ba573fa85af;;118.75;REACTIVO
130212003M;MAGLUMI Rubella IgG;KIT;1fff193a-6917-4797-a4f1-9ba573fa85af;;118.75;REACTIVO
130212004M;MAGLUMI Rubella IgM;KIT;1fff193a-6917-4797-a4f1-9ba573fa85af;;118.75;REACTIVO
130212005M;MAGLUMI CMV IgG;KIT;1fff193a-6917-4797-a4f1-9ba573fa85af;;118.75;REACTIVO
130212006M;MAGLUMI CMV IgM;KIT;1fff193a-6917-4797-a4f1-9ba573fa85af;;118.75;REACTIVO
130212007M;MAGLUMI HSV-1/2 IgG;KIT;1fff193a-6917-4797-a4f1-9ba573fa85af;;118.75;REACTIVO
130212008M;MAGLUMI HSV-2 IgG;KIT;1fff193a-6917-4797-a4f1-9ba573fa85af;;118.75;REACTIVO
130212009M;MAGLUMI HSV-1/2 IgM;KIT;1fff193a-6917-4797-a4f1-9ba573fa85af;;118.75;REACTIVO
130201026M;MAGLUMI HER-2 (CLIA);KIT;1fff193a-6917-4797-a4f1-9ba573fa85af;;290.00;REACTIVO
130201027M;MAGLUMI H, pylori IgM;KIT;1fff193a-6917-4797-a4f1-9ba573fa85af;;114.00;REACTIVO
130201028M;MAGLUMI H, pylori IgA;KIT;1fff193a-6917-4797-a4f1-9ba573fa85af;;114.00;REACTIVO
130201021M;MAGLUMI H, PYLORI IgG;KIT;1fff193a-6917-4797-a4f1-9ba573fa85af;;114.00;REACTIVO
130219003M;MAGLUMI SYPHILIS ;KIT;1fff193a-6917-4797-a4f1-9ba573fa85af;;95.00;REACTIVO
130219001M;MAGLUMI CHAGAS;KIT;1fff193a-6917-4797-a4f1-9ba573fa85af;;95.00;REACTIVO
130219004M;MAGLUMI HIV Ab-Ag Combi;KIT;1fff193a-6917-4797-a4f1-9ba573fa85af;;142.50;REACTIVO
130215001M;MAGLUMI EBV EA IgG;KIT;1fff193a-6917-4797-a4f1-9ba573fa85af;;118.75;RUO
130215002M;MAGLUMI EBV EA IgA;KIT;1fff193a-6917-4797-a4f1-9ba573fa85af;;118.75;RUO
130215003M;MAGLUMI EB VCA IgG;KIT;1fff193a-6917-4797-a4f1-9ba573fa85af;;118.75;REACTIVO
130215004M;MAGLUMI EB VCA IgM;KIT;1fff193a-6917-4797-a4f1-9ba573fa85af;;118.75;REACTIVO
130215005M;MAGLUMI EB VCA IgA;KIT;1fff193a-6917-4797-a4f1-9ba573fa85af;;118.75;REACTIVO
130215006M;MAGLUMI EBV NA IgG;KIT;1fff193a-6917-4797-a4f1-9ba573fa85af;;118.75;RUO
130215007M;MAGLUMI EBV NA IgA;KIT;1fff193a-6917-4797-a4f1-9ba573fa85af;;118.75;RUO
130203009M;MAGLUMI TRAb;KIT;1fff193a-6917-4797-a4f1-9ba573fa85af;;163.40;REACTIVO
130203008M;MAGLUMI TMA;KIT;1fff193a-6917-4797-a4f1-9ba573fa85af;;118.75;REACTIVO
630003;MAGLUMI Reaction Modules (2304 tests);CAJA;933cceaa-97bb-41a4-847e-e678e122cf7d;AMBIENTE;83.00;CONSUMIBLE
130105000101;MAGLUMI Reaction Cup (546 Cups/box);CAJA;245756a3-b928-40c0-b59f-6bffe38b559e;AMBIENTE;20.90;CONSUMIBLE
130299004M;MAGLUMI Starter Kit 1+2 (1box=6 viales);CAJA;7322c4f3-02ed-4810-9214-63171ae0e995;AMBIENTE;100.00;CONSUMIBLE
130299005M;MAGLUMI Wash/System Liquid ;FRASCO;41112822-de4d-49b5-b480-47e8c5a73197;AMBIENTE;18.00;CONSUMIBLE
130299006M;MAGLUMI Light Check (1 box=5 vials);CAJA;5c779f82-2cef-411c-884a-c58c44a44581;;25.00;REACTIVO
130299007M;MAGLUMI Tubing cleaning solution (500ml/vial);FRASCO;9c0db592-c763-4a94-a08c-846215c2d16d;AMBIENTE;58.00;CONSUMIBLE
130219015M;MAGLUMI 2019-nCov IgG;KIT;1fff193a-6917-4797-a4f1-9ba573fa85af;;95.00;REACTIVO
130219016M;MAGLUMI 2019-nCov IgM;KIT;1fff193a-6917-4797-a4f1-9ba573fa85af;;95.00;REACTIVO
130219017M;MAGLUMI SARS COV-2-S-RBD IgG ;KIT;1fff193a-6917-4797-a4f1-9ba573fa85af;;95.00;REACTIVO
130219027M;MAGLUMI SARS COV-2 Neutralizing Antibody;KIT;1fff193a-6917-4797-a4f1-9ba573fa85af;;114.00;REACTIVO
1305990001;Alkaline wash;FRASCO;e361e160-fc96-4bb6-8d65-15507a8159de;AMBIENTE;80.00;CONSUMIBLE
1305990002;Acid wash;FRASCO;9c0db592-c763-4a94-a08c-846215c2d16d;AMBIENTE;25.00;CONSUMIBLE
1305990003;Hitergent;FRASCO;9c0db592-c763-4a94-a08c-846215c2d16d;AMBIENTE;50.00;CONSUMIBLE
130298005M;MAGLUMI IGFBP-3;KIT;1fff193a-6917-4797-a4f1-9ba573fa85af;;254.60;REACTIVO
130603001M;MAGLUMI TSH;KIT;095e9dd8-82fc-4a52-ba9f-f87b3697743c;;40.76;REACTIVO
130603002M;MAGLUMI T4;KIT;095e9dd8-82fc-4a52-ba9f-f87b3697743c;;33.96;REACTIVO
130603003M;MAGLUMI T3;KIT;095e9dd8-82fc-4a52-ba9f-f87b3697743c;;33.96;REACTIVO
130603004M;MAGLUMI FT4;KIT;095e9dd8-82fc-4a52-ba9f-f87b3697743c;;33.96;REACTIVO
130603005M;MAGLUMI FT3;KIT;095e9dd8-82fc-4a52-ba9f-f87b3697743c;;33.96;REACTIVO
130603006M;MAGLUMI TG;KIT;095e9dd8-82fc-4a52-ba9f-f87b3697743c;;40.76;REACTIVO
130603007M;MAGLUMI TGA;KIT;095e9dd8-82fc-4a52-ba9f-f87b3697743c;;77.19;REACTIVO
130603008M;MAGLUMI TMA;KIT;095e9dd8-82fc-4a52-ba9f-f87b3697743c;;77.19;REACTIVO
130603009M;MAGLUMI TRAb;KIT;095e9dd8-82fc-4a52-ba9f-f87b3697743c;;106.21;REACTIVO
130603010M;MAGLUMI rT3;KIT;095e9dd8-82fc-4a52-ba9f-f87b3697743c;;48.17;RUO
130603011M;MAGLUMI anti-TPO;KIT;095e9dd8-82fc-4a52-ba9f-f87b3697743c;;106.21;REACTIVO
130602001M;MAGLUMI FSH;KIT;095e9dd8-82fc-4a52-ba9f-f87b3697743c;;38.90;REACTIVO
130602002M;MAGLUMI LH;KIT;095e9dd8-82fc-4a52-ba9f-f87b3697743c;;38.90;REACTIVO
130602003M;MAGLUMI HCG/β- HCG;KIT;095e9dd8-82fc-4a52-ba9f-f87b3697743c;;38.90;REACTIVO
130602006M;MAGLUMI Prolactin (PRL);KIT;095e9dd8-82fc-4a52-ba9f-f87b3697743c;;38.90;REACTIVO
130602007M;MAGLUMI Estradiol (E2);KIT;095e9dd8-82fc-4a52-ba9f-f87b3697743c;;38.90;REACTIVO
130602008M;MAGLUMI Free Estriol (FE3);KIT;095e9dd8-82fc-4a52-ba9f-f87b3697743c;;38.90;REACTIVO
130602009M;MAGLUMI Progesterone (PRG);KIT;095e9dd8-82fc-4a52-ba9f-f87b3697743c;;38.90;REACTIVO
130602010M;MAGLUMI Testosterone (TEST);KIT;095e9dd8-82fc-4a52-ba9f-f87b3697743c;;38.90;REACTIVO
130602011M;MAGLUMI Free Testosterone (F-TEST);KIT;095e9dd8-82fc-4a52-ba9f-f87b3697743c;;38.90;REACTIVO
130602012M;MAGLUMI DHEA-S;KIT;095e9dd8-82fc-4a52-ba9f-f87b3697743c;;106.21;REACTIVO
130614003M;MAGLUMI PAPP-A;KIT;095e9dd8-82fc-4a52-ba9f-f87b3697743c;;87.07;REACTIVO
130602014M;MAGLUMI AMH;KIT;095e9dd8-82fc-4a52-ba9f-f87b3697743c;;494.00;REACTIVO
130602015M;MAGLUMI SHBG;KIT;095e9dd8-82fc-4a52-ba9f-f87b3697743c;;64.22;REACTIVO
130614001M;MAGLUMI AFP PRENATAL;KIT;095e9dd8-82fc-4a52-ba9f-f87b3697743c;;58.05;REACTIVO
130614002M;MAGLUMI Free β-HCG;KIT;095e9dd8-82fc-4a52-ba9f-f87b3697743c;;77.19;REACTIVO
130601001M;MAGLUMI Ferritin;KIT;095e9dd8-82fc-4a52-ba9f-f87b3697743c;;33.96;REACTIVO
130601002M;MAGLUMI AFP;KIT;095e9dd8-82fc-4a52-ba9f-f87b3697743c;;33.96;REACTIVO
130601003M;MAGLUMI CEA;KIT;095e9dd8-82fc-4a52-ba9f-f87b3697743c;;33.96;REACTIVO
130601004M;MAGLUMI PSA;KIT;095e9dd8-82fc-4a52-ba9f-f87b3697743c;;82.13;REACTIVO
130601005M;MAGLUMI f-PSA;KIT;095e9dd8-82fc-4a52-ba9f-f87b3697743c;;82.13;REACTIVO
130601006M;MAGLUMI PAP;KIT;095e9dd8-82fc-4a52-ba9f-f87b3697743c;;92.01;REACTIVO
130601009M;MAGLUMI CA 125;KIT;095e9dd8-82fc-4a52-ba9f-f87b3697743c;;101.89;REACTIVO
130601010M;MAGLUMI CA 15-3;KIT;095e9dd8-82fc-4a52-ba9f-f87b3697743c;;101.89;REACTIVO
130601011M;MAGLUMI CA 19-9;KIT;095e9dd8-82fc-4a52-ba9f-f87b3697743c;;101.89;REACTIVO
130601012M;MAGLUMI CA 50;KIT;095e9dd8-82fc-4a52-ba9f-f87b3697743c;;101.89;REACTIVO
130601013M;MAGLUMI CYFRA 21-1;KIT;095e9dd8-82fc-4a52-ba9f-f87b3697743c;;111.15;REACTIVO
130601014M;MAGLUMI CA 242;KIT;095e9dd8-82fc-4a52-ba9f-f87b3697743c;;101.89;REACTIVO
130601015M;MAGLUMI CA 72-4;KIT;095e9dd8-82fc-4a52-ba9f-f87b3697743c;;101.89;RUO
130601016M;MAGLUMI NSE;KIT;095e9dd8-82fc-4a52-ba9f-f87b3697743c;;101.89;RUO
130601017M;MAGLUMI Sangtec 100;KIT;095e9dd8-82fc-4a52-ba9f-f87b3697743c;;242.06;REACTIVO
130601018M;MAGLUMI SCCA (total);KIT;095e9dd8-82fc-4a52-ba9f-f87b3697743c;;101.89;REACTIVO
130601019M;MAGLUMI Pepsinogen I (PG I);KIT;095e9dd8-82fc-4a52-ba9f-f87b3697743c;;101.89;REACTIVO
130601020M;MAGLUMI Pepsinogen II (PG II);KIT;095e9dd8-82fc-4a52-ba9f-f87b3697743c;;101.89;REACTIVO
130601022M;MAGLUMI Gastrin-17;KIT;095e9dd8-82fc-4a52-ba9f-f87b3697743c;;99.42;RUO
130601023M;MAGLUMI ProGRP;KIT;095e9dd8-82fc-4a52-ba9f-f87b3697743c;;226.01;REACTIVO
130601025M;MAGLUMI HE4 (CLIA);KIT;095e9dd8-82fc-4a52-ba9f-f87b3697743c;;172.90;REACTIVO
130601026M;MAGLUMI HER-2 (CLIA);KIT;095e9dd8-82fc-4a52-ba9f-f87b3697743c;;188.00;REACTIVO
130605001M;MAGLUMI C-Peptide;KIT;095e9dd8-82fc-4a52-ba9f-f87b3697743c;;67.93;REACTIVO
130605002M;MAGLUMI Insulin;KIT;095e9dd8-82fc-4a52-ba9f-f87b3697743c;;67.93;REACTIVO
130605003M;MAGLUMI Insulin Ab, IAA;KIT;095e9dd8-82fc-4a52-ba9f-f87b3697743c;;106.21;REACTIVO
130605004M;MAGLUMI Proinsulin;KIT;095e9dd8-82fc-4a52-ba9f-f87b3697743c;;116.09;REACTIVO
130605005M;MAGLUMI GAD65;KIT;095e9dd8-82fc-4a52-ba9f-f87b3697743c;;106.21;REACTIVO
130605006M;MAGLUMI  ICA;KIT;095e9dd8-82fc-4a52-ba9f-f87b3697743c;;106.21;REACTIVO
130605007M;MAGLUMI IGF-1;KIT;095e9dd8-82fc-4a52-ba9f-f87b3697743c;;175.99;REACTIVO
130605008M;MAGLUMI Anti-IA2;KIT;095e9dd8-82fc-4a52-ba9f-f87b3697743c;;106.21;REACTIVO
130611001M;MAGLUMI Intact PTH;KIT;095e9dd8-82fc-4a52-ba9f-f87b3697743c;;106.21;REACTIVO
130611002M;MAGLUMI Calcitonin (CT);KIT;095e9dd8-82fc-4a52-ba9f-f87b3697743c;;106.21;REACTIVO
130611003M;MAGLUMI Osteocalcin (BGP);KIT;095e9dd8-82fc-4a52-ba9f-f87b3697743c;;106.21;RUO
130611004M;MAGLUMI 25 OH-Vitamin D;KIT;095e9dd8-82fc-4a52-ba9f-f87b3697743c;;193.28;REACTIVO
130613001M;MAGLUMI FA;KIT;095e9dd8-82fc-4a52-ba9f-f87b3697743c;;58.05;REACTIVO
130613002M;MAGLUMI VB12;KIT;095e9dd8-82fc-4a52-ba9f-f87b3697743c;;134.62;REACTIVO
130616001M;MAGLUMI Procalcitonin (PCT);KIT;095e9dd8-82fc-4a52-ba9f-f87b3697743c;;237.74;REACTIVO
130616002M;MAGLUMI  CRP;KIT;095e9dd8-82fc-4a52-ba9f-f87b3697743c;;96.95;REACTIVO
130698001M;MAGLUMI GH;KIT;095e9dd8-82fc-4a52-ba9f-f87b3697743c;;67.93;REACTIVO
130698002M;MAGLUMI Cortisol;KIT;095e9dd8-82fc-4a52-ba9f-f87b3697743c;;46.31;REACTIVO
130698003M;MAGLUMI ACTH;KIT;095e9dd8-82fc-4a52-ba9f-f87b3697743c;;109.92;REACTIVO
130698004M;MAGLUMI 17-OH-PROGESTERONE;KIT;095e9dd8-82fc-4a52-ba9f-f87b3697743c;;98.80;REACTIVO
130698005M;MAGLUMI IGFBP-3;KIT;095e9dd8-82fc-4a52-ba9f-f87b3697743c;;165.49;REACTIVO
130606001M;MAGLUMI CK-MB;KIT;095e9dd8-82fc-4a52-ba9f-f87b3697743c;;145.11;REACTIVO
130606002M;MAGLUMI Troponin I;KIT;095e9dd8-82fc-4a52-ba9f-f87b3697743c;;145.11;REACTIVO
130606003M;MAGLUMI Myoglobin (MB);KIT;095e9dd8-82fc-4a52-ba9f-f87b3697743c;;108.06;REACTIVO
130606004M;MAGLUMI NT-proBNP;KIT;095e9dd8-82fc-4a52-ba9f-f87b3697743c;;174.14;REACTIVO
130606005M;MAGLUMI Angiotensin I (A I);KIT;095e9dd8-82fc-4a52-ba9f-f87b3697743c;;125.97;REACTIVO
130606006M;MAGLUMI Angiotensin II (A II);KIT;095e9dd8-82fc-4a52-ba9f-f87b3697743c;;125.97;REACTIVO
130606007M;MAGLUMI Aldosterone (ALD);KIT;095e9dd8-82fc-4a52-ba9f-f87b3697743c;;106.21;REACTIVO
130606008M;MAGLUMI D-Dimer;KIT;095e9dd8-82fc-4a52-ba9f-f87b3697743c;;145.11;REACTIVO
130606015M;MAGLUMI LP-PLA2;KIT;095e9dd8-82fc-4a52-ba9f-f87b3697743c;;149.44;REACTIVO
130606014M;MAGLUMI hs-cTnl;KIT;095e9dd8-82fc-4a52-ba9f-f87b3697743c;;164.26;RUO
130606011M;MAGLUMI Direct Renin;KIT;095e9dd8-82fc-4a52-ba9f-f87b3697743c;;125.97;RUO
130604001M;MAGLUMI β2-MG;KIT;095e9dd8-82fc-4a52-ba9f-f87b3697743c;;67.93;REACTIVO
130604002M;MAGLUMI H-ALB;KIT;095e9dd8-82fc-4a52-ba9f-f87b3697743c;;67.93;REACTIVO
130609001M;MAGLUMI HA;KIT;095e9dd8-82fc-4a52-ba9f-f87b3697743c;;77.19;REACTIVO
130609002M;MAGLUMI PIIIP N-P;KIT;095e9dd8-82fc-4a52-ba9f-f87b3697743c;;77.19;REACTIVO
130609003M;MAGLUMI Collagen IV (C IV);KIT;095e9dd8-82fc-4a52-ba9f-f87b3697743c;;77.19;REACTIVO
130609004M;MAGLUMI Laminin (LN);KIT;095e9dd8-82fc-4a52-ba9f-f87b3697743c;;77.19;REACTIVO
130609005M;MAGLUMI Cholylglycine (CG);KIT;095e9dd8-82fc-4a52-ba9f-f87b3697743c;;77.19;REACTIVO
130608001M;MAGLUMI hIgE;KIT;095e9dd8-82fc-4a52-ba9f-f87b3697743c;;58.05;REACTIVO
130608002M;MAGLUMI hIgM;KIT;095e9dd8-82fc-4a52-ba9f-f87b3697743c;;58.05;REACTIVO
130608003M;MAGLUMI hIgA;KIT;095e9dd8-82fc-4a52-ba9f-f87b3697743c;;58.05;REACTIVO
130608004M;MAGLUMI IgA (urine analysis);KIT;095e9dd8-82fc-4a52-ba9f-f87b3697743c;;58.05;REACTIVO
130608005M;MAGLUMI hIgG;KIT;095e9dd8-82fc-4a52-ba9f-f87b3697743c;;58.05;REACTIVO
130608006M;MAGLUMI IgG (urine analysis);KIT;095e9dd8-82fc-4a52-ba9f-f87b3697743c;;58.05;REACTIVO
130607001M;MAGLUMI Cyclosporin A;KIT;095e9dd8-82fc-4a52-ba9f-f87b3697743c;;227.24;REACTIVO
130607002M;MAGLUMI Digoxin;KIT;095e9dd8-82fc-4a52-ba9f-f87b3697743c;;85.22;REACTIVO
130607003M;MAGLUMI FK-506,Tacrolimus;KIT;095e9dd8-82fc-4a52-ba9f-f87b3697743c;;227.24;REACTIVO
130610001M;MAGLUMI HBsAg - Hepatitis B;KIT;095e9dd8-82fc-4a52-ba9f-f87b3697743c;;33.96;REACTIVO
130610002M;MAGLUMI anti-HBs;KIT;095e9dd8-82fc-4a52-ba9f-f87b3697743c;;33.96;REACTIVO
130610003M;MAGLUMI HBeAg;KIT;095e9dd8-82fc-4a52-ba9f-f87b3697743c;;33.96;REACTIVO
130610004M;MAGLUMI anti-HBe;KIT;095e9dd8-82fc-4a52-ba9f-f87b3697743c;;33.96;REACTIVO
130610005M;MAGLUMI anti-HBc;KIT;095e9dd8-82fc-4a52-ba9f-f87b3697743c;;33.96;REACTIVO
130610007M;MAGLUMI anti-HAV;KIT;095e9dd8-82fc-4a52-ba9f-f87b3697743c;;61.75;REACTIVO
130610008M;MAGLUMI HAV IgM;KIT;095e9dd8-82fc-4a52-ba9f-f87b3697743c;;74.10;REACTIVO
130612001M;MAGLUMI Toxo IgG;KIT;095e9dd8-82fc-4a52-ba9f-f87b3697743c;;77.19;REACTIVO
130612002M;MAGLUMI Toxo IgM;KIT;095e9dd8-82fc-4a52-ba9f-f87b3697743c;;77.19;REACTIVO
130612003M;MAGLUMI Rubella IgG;KIT;095e9dd8-82fc-4a52-ba9f-f87b3697743c;;77.19;REACTIVO
130612004M;MAGLUMI Rubella IgM;KIT;095e9dd8-82fc-4a52-ba9f-f87b3697743c;;77.19;REACTIVO
130612005M;MAGLUMI CMV IgG;KIT;095e9dd8-82fc-4a52-ba9f-f87b3697743c;;77.19;REACTIVO
130612006M;MAGLUMI CMV IgM;KIT;095e9dd8-82fc-4a52-ba9f-f87b3697743c;;77.19;REACTIVO
130612007M;MAGLUMI HSV-1/2 IgG;KIT;095e9dd8-82fc-4a52-ba9f-f87b3697743c;;77.19;REACTIVO
130612008M;MAGLUMI HSV-2 IgG;KIT;095e9dd8-82fc-4a52-ba9f-f87b3697743c;;77.19;REACTIVO
130612009M;MAGLUMI HSV-1/2 IgM;KIT;095e9dd8-82fc-4a52-ba9f-f87b3697743c;;77.19;REACTIVO
130601027M;MAGLUMI H, pylori IgM;KIT;095e9dd8-82fc-4a52-ba9f-f87b3697743c;;74.10;REACTIVO
130601021M;MAGLUMI H, PYLORI IgG;KIT;095e9dd8-82fc-4a52-ba9f-f87b3697743c;;74.10;REACTIVO
130619003M;MAGLUMI SYPHILIS ;KIT;095e9dd8-82fc-4a52-ba9f-f87b3697743c;;61.75;REACTIVO
130619001M;MAGLUMI CHAGAS;KIT;095e9dd8-82fc-4a52-ba9f-f87b3697743c;;61.75;REACTIVO
130619004M;MAGLUMI HIV Ab-Ag Combi;KIT;095e9dd8-82fc-4a52-ba9f-f87b3697743c;;92.63;REACTIVO
130615001M;MAGLUMI EBV EA IgG;KIT;095e9dd8-82fc-4a52-ba9f-f87b3697743c;;77.19;RUO
130615002M;MAGLUMI EBV EA IgA;KIT;095e9dd8-82fc-4a52-ba9f-f87b3697743c;;77.19;RUO
130615003M;MAGLUMI EB VCA IgG;KIT;095e9dd8-82fc-4a52-ba9f-f87b3697743c;;77.19;REACTIVO
130615004M;MAGLUMI EB VCA IgM;KIT;095e9dd8-82fc-4a52-ba9f-f87b3697743c;;77.19;REACTIVO
130615005M;MAGLUMI EB VCA IgA;KIT;095e9dd8-82fc-4a52-ba9f-f87b3697743c;;77.19;REACTIVO
130615006M;MAGLUMI EBV NA IgG;KIT;095e9dd8-82fc-4a52-ba9f-f87b3697743c;;77.19;RUO
130615006M;MAGLUMI EBV NA IgA;KIT;095e9dd8-82fc-4a52-ba9f-f87b3697743c;;77.19;RUO
130603009M;MAGLUMI TRAb;KIT;095e9dd8-82fc-4a52-ba9f-f87b3697743c;;106.21;REACTIVO
130603008M;MAGLUMI TMA;KIT;095e9dd8-82fc-4a52-ba9f-f87b3697743c;;77.19;REACTIVO
130617001M;MAGLUMI Anti-CCP;KIT;095e9dd8-82fc-4a52-ba9f-f87b3697743c;;87.69;REACTIVO
130617002M;MAGLUMI Anti-dsDNA IgG(CLIA);KIT;095e9dd8-82fc-4a52-ba9f-f87b3697743c;;79.35;REACTIVO
130617003M;MAGLUMI ANA Screen(CLIA);KIT;095e9dd8-82fc-4a52-ba9f-f87b3697743c;;105.91;REACTIVO
130617004M;MAGLUMI ENA Screen(CLIA);KIT;095e9dd8-82fc-4a52-ba9f-f87b3697743c;;105.91;REACTIVO
130617005M;MAGLUMI Anti-Scl-70 IgG(CLIA);KIT;095e9dd8-82fc-4a52-ba9f-f87b3697743c;;79.35;REACTIVO
130617006M;MAGLUMI Anti-Centromeres IgG(CLIA);KIT;095e9dd8-82fc-4a52-ba9f-f87b3697743c;;79.35;RUO
130617007M;MAGLUMI Anti-M2-3E IgG(CLIA);KIT;095e9dd8-82fc-4a52-ba9f-f87b3697743c;;79.35;REACTIVO
130617008M;MAGLUMI Anti-Histones IgG(CLIA);KIT;095e9dd8-82fc-4a52-ba9f-f87b3697743c;;96.64;RUO
130617010M;MAGLUMI Anti-Rib-P IgG(CLIA);KIT;095e9dd8-82fc-4a52-ba9f-f87b3697743c;;79.35;REACTIVO
130617011M;MAGLUMI Anti-nRNP/Sm IgG(CLIA);KIT;095e9dd8-82fc-4a52-ba9f-f87b3697743c;;87.69;REACTIVO
130617012M;MAGLUMI Anti-Sm IgG(CLIA);KIT;095e9dd8-82fc-4a52-ba9f-f87b3697743c;;135.55;RUO
130617013M;MAGLUMI Anti-SS-A IgG(CLIA);KIT;095e9dd8-82fc-4a52-ba9f-f87b3697743c;;79.35;RUO
130617014M;MAGLUMI Anti-SS-B IgG(CLIA);KIT;095e9dd8-82fc-4a52-ba9f-f87b3697743c;;79.35;RUO
130617009M;MAGLUMI Anti-Jo-1 IgG(CLIA);KIT;095e9dd8-82fc-4a52-ba9f-f87b3697743c;;118.87;REACTIVO
13061008M;MAGLUMI HAV IGM;KIT;095e9dd8-82fc-4a52-ba9f-f87b3697743c;;74.10;REACTIVO
130616004M;MAGLUMI IL-6 (50det);KIT;095e9dd8-82fc-4a52-ba9f-f87b3697743c;;185.25;REACTIVO
130601028M;MAGLUMI H, Pylori IgA;KIT;095e9dd8-82fc-4a52-ba9f-f87b3697743c;;74.10;REACTIVO
130619027M;MAGLUMI SARS COV-2 Neutralizing Antibody;KIT;095e9dd8-82fc-4a52-ba9f-f87b3697743c;;74.10;REACTIVO
130619017M;MAGLUMI SARS COV-2-S-RBD IgG ;KIT;095e9dd8-82fc-4a52-ba9f-f87b3697743c;;61.75;REACTIVO
130505001S;Glucose Test Reagent Kit;KIT;a8997755-9a29-41ec-8138-f5f26bcb8156;;2.36;REACTIVO
130503003S;Urea Test Reagent Kit;KIT;a8997755-9a29-41ec-8138-f5f26bcb8156;;0.00;REACTIVO
130503001S;Creatinine Test Reagent Kit;KIT;a8997755-9a29-41ec-8138-f5f26bcb8156;;0.00;REACTIVO
130503002S;Uric acid Test Reagent Kit;KIT;a8997755-9a29-41ec-8138-f5f26bcb8156;;0.00;REACTIVO
130501003S;Total Cholesterol Test Reagent kit;KIT;a8997755-9a29-41ec-8138-f5f26bcb8156;;0.00;REACTIVO
130501001S;High Density Lipoprotein;KIT;a8997755-9a29-41ec-8138-f5f26bcb8156;;19.04;REACTIVO
130501004S;Triglycerides Test Reagent Kit;KIT;a8997755-9a29-41ec-8138-f5f26bcb8156;;0.00;REACTIVO
130502003S;Aspartate aminotransferase Test;KIT;a8997755-9a29-41ec-8138-f5f26bcb8156;;0.00;REACTIVO
130502002S;Alanine aminotransferase Test;KIT;a8997755-9a29-41ec-8138-f5f26bcb8156;;0.00;REACTIVO
130502004S;Alkaline phosphatase Test Reagent Kit;KIT;a8997755-9a29-41ec-8138-f5f26bcb8156;;0.00;REACTIVO
130502008S;Total protein Test Reagent Kit;KIT;a8997755-9a29-41ec-8138-f5f26bcb8156;;0.00;REACTIVO
130502009S;Albumin Test Reagent Kit;KIT;a8997755-9a29-41ec-8138-f5f26bcb8156;;0.00;REACTIVO
130619002M;MAGLUMI HTLV I+ II (CLIA);KIT;095e9dd8-82fc-4a52-ba9f-f87b3697743c;;61.75;REACTIVO
130606012M;MAGLUMI H-FABP;KIT;095e9dd8-82fc-4a52-ba9f-f87b3697743c;;89.54;RUO
130213003M;MAGLUMI EPO ;KIT;1fff193a-6917-4797-a4f1-9ba573fa85af;;240.00;REACTIVO
130613003M;MAGLUMI EPO;KIT;095e9dd8-82fc-4a52-ba9f-f87b3697743c;;0.00;REACTIVO
130214501M;MAGLUMI PAPP-A (PREACCU)* softw nuevo;KIT;1fff193a-6917-4797-a4f1-9ba573fa85af;;0.00;RUO
130210015M;MAGLUMI Anti-HCV;KIT;1fff193a-6917-4797-a4f1-9ba573fa85af;;101.90;REACTIVO
130265003M;MAGLUMI EB VCA IGG*;KIT;1fff193a-6917-4797-a4f1-9ba573fa85af;;123.75;REACTIVO
130265004M;MAGLUMI EB VCA IGM*;KIT;1fff193a-6917-4797-a4f1-9ba573fa85af;;123.75;REACTIVO
130269017M;MAGLUMI SARS-CoV-2 S-RBD IgG (CLIA) 2DA GENERACION;KIT;1fff193a-6917-4797-a4f1-9ba573fa85af;;114.00;REACTIVO
130610015M;MAGLUMI ANTI- HCV*;KIT;095e9dd8-82fc-4a52-ba9f-f87b3697743c;;66.24;REACTIVO
130665003M;MAGLUMI EBV VCA IgG de 50 Det,*;KIT;095e9dd8-82fc-4a52-ba9f-f87b3697743c;;80.44;REACTIVO
130665004M;MAGLUMI EBV VCA IgM de 50 Det,*;KIT;095e9dd8-82fc-4a52-ba9f-f87b3697743c;;80.44;REACTIVO
130614501M;MAGLUMI PAPP-A (PREACCU)*;KIT;095e9dd8-82fc-4a52-ba9f-f87b3697743c;;0.00;RUO
130201023M;MAGLUMI PROGRP;KIT;1fff193a-6917-4797-a4f1-9ba573fa85af;;347.70;RUO
130601023M;MAGLUMI PROGRP;KIT;095e9dd8-82fc-4a52-ba9f-f87b3697743c;;226.01;RUO
130206023M;MAGLUMI hs-CRP X 100 Det;KIT;1fff193a-6917-4797-a4f1-9ba573fa85af;;178.98;RUO
130606023M;MAGLUMI hs-CRP X 50 Det;KIT;095e9dd8-82fc-4a52-ba9f-f87b3697743c;;116.40;RUO
130201025M;MAGLUMI HE4 (CLIA);KIT;1fff193a-6917-4797-a4f1-9ba573fa85af;;266.00;REACTIVO
130219002M;MAGLUMI HTLV I+ II (CLIA);KIT;1fff193a-6917-4797-a4f1-9ba573fa85af;;95.00;REACTIVO
130299027M;MAGLUMI Starter 1+2 (1 box= 2x1.5 L));KIT;8b8f89e4-eff8-4a7d-b039-09841187e63f;AMBIENTE;113.00;CONSUMIBLE
130299035M;MAGLUMI Wash Concentrate (1 box=1x10 L);KIT;2906cf15-f566-464f-9255-d1071d3287a6;AMBIENTE;243.00;CONSUMIBLE
130208000201;MAGLUMI Tip (20 x 192 Tips);CAJA;081a0940-7721-4453-9ed2-669deeeef59d;AMBIENTE;245.00;CONSUMIBLE
130202516M;MAGLUMI ANDROSTENEDIONE DE 2DA GENERACION;KIT;1fff193a-6917-4797-a4f1-9ba573fa85af;;219.70;REACTIVO
130602516M;MAGLUMI ANDROSTENEDIONE DE 2DA GEN DE 50 DET;KIT;095e9dd8-82fc-4a52-ba9f-f87b3697743c;;142.81;REACTIVO